{"stats":{"minecraft:mined":{"minecraft:gravel":2,"minecraft:powder_snow":79},"minecraft:used":{"tombstone:gift":2,"alexsmobs:animal_dictionary":1,"minecraft:gravel":2},"minecraft:custom":{"minecraft:time_since_rest":599,"minecraft:crouch_one_cm":45,"minecraft:sprint_one_cm":29134,"minecraft:play_time":10814,"minecraft:walk_one_cm":11896,"minecraft:damage_taken":440,"minecraft:deaths":2,"minecraft:sneak_time":4,"minecraft:walk_under_water_one_cm":1432,"minecraft:drop":2,"minecraft:jump":237,"minecraft:damage_dealt":100,"minecraft:leave_game":1,"minecraft:walk_on_water_one_cm":6051,"minecraft:time_since_death":1806,"minecraft:total_world_time":10814,"minecraft:swim_one_cm":29276,"minecraft:fly_one_cm":67998,"minecraft:fall_one_cm":6086},"minecraft:dropped":{"tombstone:grave_key":2},"minecraft:killed_by":{"divinerpg:crab":1},"minecraft:picked_up":{"minecraft:arrow":1,"minecraft:gravel":2}},"DataVersion":3465}